id,code,balance,creditLimit,createdAt,updatedAt,stellarSecret
5955353b-5da9-5e96-94bb-191f7849b0fa,BRAM0001,-31.00,200.00,2026-01-10T10:00:00Z,2026-09-28T17:00:00Z,SCGQXPH2ZJ24F4D6FJT2RPH7D5GWBSIY2OG3M3IZGRBM5MIFIPSZRNHC
c2fd7b10-0bce-58f2-883b-78d2626f5339,BRAM0002,-14.00,200.00,2026-01-10T10:00:00Z,2026-09-28T17:00:00Z,SAU2AXTC3NHEHOH7DDUCTRYPNWRHLLPTVXIMTIGK64J7YJDRQN37ZYJY
1430928d-eebb-5768-8413-0daf554995a8,BRAM0003,44.00,200.00,2026-01-10T10:00:00Z,2026-09-28T17:00:00Z,SCWJEEY35C5R5BY2ZJGB3UJNZRH3AOTBHGTLQWT7A5AKEBWXJ3FGOGOQ
e4456f33-0b4b-52de-a8c8-48f051c743c9,BRAM0004,5.00,200.00,2026-01-10T10:00:00Z,2026-09-28T17:00:00Z,SDTYJ6JCVZSCXPMZGONJP3ZJRYYDG55YVLXGEQZVFD22M5JZVWUTJ2OT
80376c35-a518-542a-a595-8e7e4ad28db9,BRAM0005,14.00,200.00,2026-01-10T10:00:00Z,2026-09-28T17:00:00Z,SC3H6YZD4DW4QHO6GGPVCBUBGNLUPOUSSUZ6YIDMWTISAB6VYOJXPSKF
86591ff2-01ca-56a6-9478-59f7fbb862e0,BRAM0006,16.00,200.00,2026-01-10T10:00:00Z,2026-09-28T17:00:00Z,SAHGJFMJH5N32ONJLJRIIEF7DRXM6FHN5QI2X7FW3ZYQJIV5X7L7PO4L
2a17923e-3c2d-5064-9379-708f0273f742,BRAM0007,-13.00,200.00,2026-01-10T10:00:00Z,2026-09-28T17:00:00Z,SDMT57TH4OGU22RXBSQHZ266GMRDAP5TE76HSO7DBPBKXWOXGJ6LBORA
d8b5a051-2091-525e-953a-d2d47f3dbdff,BRAM0008,-4.00,200.00,2026-01-10T10:00:00Z,2026-09-28T17:00:00Z,SC5DGWZOPEE5VY35ZQS3RGFEINYQE6HNYXVWAQBHFPIHPAHPVVJ7PQA3
f1761503-540c-581d-809d-25dbd29e87d2,BRAM0009,32.00,200.00,2026-01-10T10:00:00Z,2026-09-28T17:00:00Z,SAW6LWFHH7GMQPGLPDKH6QXH7HMFQPBERYWX6LPHJMOGEWT6QPKZ2SAA
1f888fa1-17dc-5e70-9225-cee67e68ba39,BRAM0010,-21.00,200.00,2026-01-10T10:00:00Z,2026-09-28T17:00:00Z,SBBS7DRKBF4XVQBZLE232W3VTRP6LBNEZBEJ2AFI6FPKSU4EBDRGHII2
5da4a6c7-241f-5372-bd22-056e72be2a69,BRAM0011,-29.00,200.00,2026-01-10T10:00:00Z,2026-09-28T17:00:00Z,SD6IOQFMEBZLW4UJIVEWHYJIMG7GEFIZ2DXJZH3TNXFGJ5M7SDBEDTUD
b7e3130a-34ca-5507-a7e2-e8956d5afa28,BRAM0012,-8.00,200.00,2026-01-10T10:00:00Z,2026-09-28T17:00:00Z,SBLRZQY7CEEI52LIVHO3QXEKINFI4LKXP3AVFUFMYLZMEAPOSLAV6CR3
0f4e7f51-93f6-5f16-8cd2-55a6f0000de5,BRAM0013,17.00,200.00,2026-01-10T10:00:00Z,2026-09-28T17:00:00Z,SCIGXZG4UBHVWLCGM5W22LMYD7ZMOAWBGHFSYWVPTLVQHMGJ6BBLVWBH
f04ac906-7fdd-5902-a1fa-117bb2b5b62a,BRAM0014,-13.00,200.00,2026-01-10T10:00:00Z,2026-09-28T17:00:00Z,SCSDCHXS3MAYMZC2DTIQST7BBR3H3S4VC5XEID36HUJ6RSWNZ7ISWOSW
3747efa4-c467-546a-9bf4-54609adc88da,BRAM0015,-1.00,200.00,2026-01-10T10:00:00Z,2026-09-28T17:00:00Z,SDHW3XVKTHUB4RVENHRWBIZYVCRRXJCCXAY2STB4K6HFLE53KJDCZGGK
ac0c6b6e-321f-59c8-a9a7-5df204ae4fc1,BRAM0016,-10.00,200.00,2026-01-10T10:00:00Z,2026-09-28T17:00:00Z,SBNZ2WEU3IBSC6OTRJB3ZC2WA3TDTJZHRSC3EJQZ6I4RIA35VEZYJ2TS
ec1abcc9-0db5-569f-8fac-dbf9937114ad,BRAM0017,-26.00,200.00,2026-01-10T10:00:00Z,2026-09-28T17:00:00Z,SCTEQ2UXWJMMSURATSP23IYFK6KDKRG3SSNUY3MLIUJV2I2DGPVLGFXY
b282e535-2f5a-5988-a0c8-c91f80616719,BRAM0018,42.00,200.00,2026-01-10T10:00:00Z,2026-09-28T17:00:00Z,SDVW52V7DH7QUXE2UDC2XMUHUGOKHZ7NKBJHSBRZYLFMCG7YCWXZC3ZR
0a037908-e527-5214-a9a1-d705aa0b5388,BRAM0019,-22.00,200.00,2026-01-10T10:00:00Z,2026-09-28T17:00:00Z,SBYN4YIXOCJTLDQTY7RWB5QC7ZJPZ5E7NGVR4OMST2RR24ZYOKJUCEYY
2ae367fb-ff4d-5bcf-9170-3bc011321556,BRAM0020,-21.00,200.00,2026-01-10T10:00:00Z,2026-09-28T17:00:00Z,SDMFMBQMXHJ76IY3V6YNB6PU7P5VVBUZVGWTVWDZR4F6JWHV5RZLKV6U
ad79ca38-8213-5f7c-8e44-6835be588e4d,BRAM0021,34.00,200.00,2026-01-10T10:00:00Z,2026-09-28T17:00:00Z,SCDX5CZVEHQVQMNBY2TPRCBAOSBWFZZ5CXSSGYR2YE3HXRT3IRW5BGHV
0340082d-d3fb-5ef4-a1af-c503319487ff,BRAM0022,-26.00,200.00,2026-01-10T10:00:00Z,2026-09-28T17:00:00Z,SDEPJAPC2XUOD4FNB5DUS5W5APFVGFQUZYBX2ETFAJ33L2JFLSF4Y256
1f4a6658-3066-539b-a6d9-11a3b689d40d,BRAM0023,-20.00,200.00,2026-01-10T10:00:00Z,2026-09-28T17:00:00Z,SCEZ7SWTBJIKCMOVZJKKKGHQ5NAFEJYNYDCW2MUBOOOAUV5PFRGDGEGP
846d5b2a-d713-54bf-aace-a8a06b440c83,BRAM0024,31.00,200.00,2026-01-10T10:00:00Z,2026-09-28T17:00:00Z,SDWE2G4VRXCGG54MFNH2RFT4JT62P2UCKHDVVPF4MDBTEZ5CLHWDOQLC
597ddda5-12d5-51ea-a702-1c0c898bed86,BRAM0025,-8.00,200.00,2026-01-10T10:00:00Z,2026-09-28T17:00:00Z,SBDDYJIEENSERZV4FXHW4PEM7NSLBC3ACB6FPVFKLZUYYVJJBJLO5FVP
5b6bd62e-3fd4-5e8b-b674-2fbbe7d333da,BRAM0026,10.00,200.00,2026-01-10T10:00:00Z,2026-09-28T17:00:00Z,SBYQJ35NCQTY3MRHAWJUJFVQYFUF4I4W3HMYQXI3TBUPUURBRXXNUWDY
5b37a840-5171-57e9-a269-243c4e0d476a,BRAM0027,-4.00,200.00,2026-01-10T10:00:00Z,2026-09-28T17:00:00Z,SDL7OIZBDVHV6ECLEZCNW45H5IV6ZK62VC4LIT6QEKXOMXDTISOJL7X7
c9caa37b-b33d-5d71-9734-60a4acf7daeb,BRAM0028,-2.00,200.00,2026-01-10T10:00:00Z,2026-09-28T17:00:00Z,SD7URXPB2RURHEHHCBF6TDP5SBVXL7PIWWV7IK4I7NV3JJOFMCQYHRB6
192c35ac-f426-56dd-b34e-3a12fe64e952,BRAM0029,10.00,200.00,2026-01-10T10:00:00Z,2026-09-28T17:00:00Z,SACRVS375LKX2U2UUZY6V5CGCKCSLJKVZS55NFGF6G5HQI3I5ZZS4P4Z
8ace7da8-6440-548d-8e23-0ebfb98fa731,BRAM0030,18.00,200.00,2026-01-10T10:00:00Z,2026-09-28T17:00:00Z,SCAMLKUQJGC2BLVNPU2UT27AAX5ZIC4UT3RGZCYBHQL6I6C546FHU2KV
