id,code,name,type,status,access,description,createdAt,updatedAt,imageUrl,address.streetAddress,address.locality,address.region,address.country,location.type,location.longitude,location.latitude,contact.email
8d9b7bf2-6d6a-5fa9-b823-e8d30eb9ca82,BRAM0001,Mabel Moss,personal,active,public,"Retired librarian, allotment enthusiast and community administrator. Knows which neighbour borrowed every spade.",2026-01-10T17:15:00Z,2026-09-15T08:50:00Z,https://images.unsplash.com/photo-1566616213894-2d4e1baee5d8?auto=format&fit=crop&crop=faces&w=512&h=512&q=80,1 Mill Lane,Bramblewick,Bramble Vale,GB,Point,-2.18304,51.77753,mabel@bramblewick.example
a585cf15-74c4-594d-b49c-604053207be8,BRAM0002,Tom Reed,personal,active,public,Early-rising baker at the old mill. My sourdough starter is called Doughreen and has more followers than I do.,2026-01-17T15:50:00Z,2026-07-12T11:54:00Z,https://images.unsplash.com/photo-1522529599102-193c0d76b5b6?auto=format&fit=crop&crop=faces&w=512&h=512&q=80,"The Old Mill, Mill Lane",Bramblewick,Bramble Vale,GB,Point,-2.18443,51.77684,tom@bramblewick.example
e221321e-6b60-5467-b6bf-c603a2c1476b,BRAM0003,Aisha Patel,personal,active,public,"Bicycle mechanic in the station shed. Getting Bramblewick rolling again, one suspicious rattle at a time.",2026-01-18T11:33:00Z,2026-08-22T17:55:00Z,https://images.unsplash.com/photo-1573497019940-1c28c88b4f3e?auto=format&fit=crop&crop=faces&w=512&h=512&q=80,"The Station Shed, Station Lane",Bramblewick,Bramble Vale,GB,Point,-2.17710,51.77547,aisha@bramblewick.example
2ba4b6f7-8967-5aa1-8e29-b8355e2fcfaa,BRAM0004,Ben Rowan,personal,active,public,Orchard keeper and patient pruner. The trees are easier to organise than the harvest picnic.,2026-01-21T16:54:00Z,2026-07-26T16:35:00Z,https://images.unsplash.com/photo-1674492053281-58ecccfeed4c?auto=format&fit=crop&crop=faces&w=512&h=512&q=80,"Orchard Cottage, Orchard Rise",Bramblewick,Bramble Vale,GB,Point,-2.17396,51.78539,ben@bramblewick.example
ea543110-ef05-5df3-ade9-895b8f8e23c4,BRAM0005,Clara Finch,personal,active,public,Potter at Brook Barn. I make sturdy mugs for people who consider tea a food group.,2026-02-02T18:09:00Z,2026-07-15T18:57:00Z,https://images.unsplash.com/photo-1662850886700-4ec19bd30d11?auto=format&fit=crop&crop=faces&w=512&h=512&q=80,"Brook Barn, Mill Lane",Bramblewick,Bramble Vale,GB,Point,-2.18240,51.77855,clara@bramblewick.example
a1584497-bfad-5e90-b38b-2dea022f7532,BRAM0006,Diego Sol,personal,active,public,Guitar teacher and occasional busker beside the duck pond. The ducks remain a tough audience.,2026-02-04T14:12:00Z,2026-07-10T07:17:00Z,https://images.unsplash.com/photo-1757744705465-ea08b0ddc38a?auto=format&fit=crop&crop=faces&w=512&h=512&q=80,2 Station Lane,Bramblewick,Bramble Vale,GB,Point,-2.18426,51.77696,diego@bramblewick.example
8d626fa2-b56b-5004-b225-9dedbe2b1eb4,BRAM0007,Elsie Thorne,personal,active,public,"Smallholder with six sheep, two muddy dogs and an optimistic laundry schedule.",2026-02-12T17:47:00Z,2026-07-26T10:20:00Z,https://images.unsplash.com/photo-1640557443065-cd2b7ed858d6?auto=format&fit=crop&crop=faces&w=512&h=512&q=80,"Thistle Farm, Upper Bramble Lane",Bramblewick,Bramble Vale,GB,Point,-2.17010,51.78852,elsie@bramblewick.example
9cdd6623-f0f3-58cf-8dd0-b331314b8320,BRAM0008,Farah Bell,personal,active,public,Community cook with a fondness for lentils and very large saucepans. Nobody leaves our lunch hungry.,2026-02-18T12:33:00Z,2026-07-30T19:11:00Z,https://images.unsplash.com/photo-1580489944761-15a19d654956?auto=format&fit=crop&crop=faces&w=512&h=512&q=80,3 Brook Road,Bramblewick,Bramble Vale,GB,Point,-2.17580,51.78072,farah@bramblewick.example
43e2d066-f145-51d4-8371-7d9eaec1ab62,BRAM0009,Gus Cooper,personal,active,public,"Retired carpenter. Happy to rescue useful furniture, including chairs with strongly held opinions.",2026-02-22T14:43:00Z,2026-08-08T20:19:00Z,https://images.unsplash.com/photo-1608649672519-e8797a9560cf?auto=format&fit=crop&crop=faces&w=512&h=512&q=80,"Workshop Cottage, Mill Lane",Bramblewick,Bramble Vale,GB,Point,-2.18408,51.77998,gus@bramblewick.example
d43e1366-110e-5dbb-8e1c-5ef4014b32b9,BRAM0010,Hana Brooks,personal,active,public,Neighbourhood dog walker. I know all the footpaths and most of the dogs' preferred puddles.,2026-03-13T12:59:00Z,2026-08-18T20:42:00Z,https://images.unsplash.com/photo-1628439697786-3351707d42ca?auto=format&fit=crop&crop=faces&w=512&h=512&q=80,"Willow End, Brook Road",Bramblewick,Bramble Vale,GB,Point,-2.17663,51.78003,hana@bramblewick.example
6ca7d1c4-bcf2-5955-ba80-935e9e82c69d,BRAM0011,Ivo Green,personal,active,public,Market gardener growing salad leaves behind the chapel. Dedicated to compost and unreasonable quantities of courgettes.,2026-03-16T11:16:00Z,2026-07-14T13:56:00Z,https://images.unsplash.com/photo-1564564244660-5d73c057f2d2?auto=format&fit=crop&crop=faces&w=512&h=512&q=80,"Chapel Garden, Orchard Rise",Bramblewick,Bramble Vale,GB,Point,-2.17562,51.78612,ivo@bramblewick.example
a7bb1981-046c-5206-8b8d-3aed4fc0674e,BRAM0012,Jules Hart,personal,active,public,Sewing enthusiast and keeper of the hall's costume cupboard. Expert at making things fit actual humans.,2026-03-25T10:22:00Z,2026-07-13T17:56:00Z,https://images.unsplash.com/photo-1611695434369-a8f5d76ceb7b?auto=format&fit=crop&crop=faces&w=512&h=512&q=80,5 Mill Lane,Bramblewick,Bramble Vale,GB,Point,-2.18485,51.77709,jules@bramblewick.example
29c2a80d-db2f-53e7-b744-8e207f413762,BRAM0013,Kofi Lane,personal,active,public,Patient tech helper based above the post office. Explaining Wi-Fi without telling anyone to be more digital.,2026-04-05T14:43:00Z,2026-09-02T20:27:00Z,https://images.unsplash.com/photo-1625241152315-4a698f74ceb7?auto=format&fit=crop&crop=faces&w=512&h=512&q=80,"Post Office Flat, Chapel Row",Bramblewick,Bramble Vale,GB,Point,-2.17602,51.78220,kofi@bramblewick.example
4ed0ada7-baed-5c40-bf59-6a8eba6b8e0d,BRAM0014,Lena Birch,personal,active,public,Flower grower sharing the old walled garden. My bouquets are local; the slugs are unfortunately local too.,2026-04-06T17:43:00Z,2026-09-23T16:24:00Z,https://images.unsplash.com/photo-1604072366595-e75dc92d6bdc?auto=format&fit=crop&crop=faces&w=512&h=512&q=80,"Walled Garden Cottage, Orchard Rise",Bramblewick,Bramble Vale,GB,Point,-2.17441,51.78669,lena@bramblewick.example
3f21062f-b97b-5719-9ec2-98be471e0c09,BRAM0015,Mateo Fox,personal,active,public,"Tool sharpener and tinkerer. The shed contains a place for everything, allegedly.",2026-04-21T11:06:00Z,2026-07-08T20:37:00Z,https://images.unsplash.com/photo-1649354680299-ed0d7c3cb786?auto=format&fit=crop&crop=faces&w=512&h=512&q=80,4 Station Lane,Bramblewick,Bramble Vale,GB,Point,-2.18501,51.77671,mateo@bramblewick.example
835a08d3-9bf0-5618-add0-b2d32d310866,BRAM0016,Nora Vale,personal,active,public,Retired teacher running the seed library. Believes a labelled envelope can change the world.,2026-04-28T14:59:00Z,2026-08-31T07:19:00Z,https://images.unsplash.com/photo-1616286608358-0e1b143f7d2f?auto=format&fit=crop&crop=faces&w=512&h=512&q=80,"Library Cottage, Chapel Row",Bramblewick,Bramble Vale,GB,Point,-2.17551,51.78261,nora@bramblewick.example
49a7f218-4f54-54cf-ab56-9e6a846c94ab,BRAM0017,Omar Field,personal,active,public,Cargo-bike enthusiast helping with village errands. The basket has carried everything except a willing cat.,2026-04-30T13:21:00Z,2026-10-03T09:37:00Z,https://images.unsplash.com/photo-1600603406200-5b2a104684ac?auto=format&fit=crop&crop=faces&w=512&h=512&q=80,1 Station Lane,Bramblewick,Bramble Vale,GB,Point,-2.18410,51.77723,omar@bramblewick.example
60758608-5384-5f7a-a89f-39a6e10fb28f,BRAM0018,Pippa Stone,personal,active,public,"Knitter, spinner and enthusiastic counter of stitches. If I go quiet, I am probably counting.",2026-05-03T16:08:00Z,2026-07-26T15:22:00Z,https://images.unsplash.com/photo-1525599428495-0441bd5c67de?auto=format&fit=crop&crop=faces&w=512&h=512&q=80,8 Brook Road,Bramblewick,Bramble Vale,GB,Point,-2.17557,51.78124,pippa@bramblewick.example
579c0360-0e0c-57b8-8e42-f1cb7867f9a5,BRAM0019,Quinn Lake,personal,active,public,Local history rambler with a waterproof notebook. Knows why the bridge is called New Bridge despite its age.,2026-05-10T14:27:00Z,2026-07-09T13:56:00Z,https://images.unsplash.com/photo-1500648767791-00dcc994a43e?auto=format&fit=crop&crop=faces&w=512&h=512&q=80,"Beech Hollow, Upper Bramble Lane",Bramblewick,Bramble Vale,GB,Point,-2.17974,51.78595,quinn@bramblewick.example
da76400b-a0f7-5634-bb85-8062b9dd1003,BRAM0020,Rosa Hill,personal,active,public,Home baker specialising in big trays of small treats. My oven has a better social life than I do.,2026-05-15T15:47:00Z,2026-09-12T09:08:00Z,https://images.unsplash.com/photo-1494790108377-be9c29b29330?auto=format&fit=crop&crop=faces&w=512&h=512&q=80,9 Mill Lane,Bramblewick,Bramble Vale,GB,Point,-2.18221,51.77868,rosa@bramblewick.example
2490a8f6-5a2c-50e9-99ef-40c1da973873,BRAM0021,Sam Oak,personal,active,public,"Handy neighbour for small household jobs. Measures twice, then asks where the pencil went.",2026-05-16T13:38:00Z,2026-07-11T20:12:00Z,https://images.unsplash.com/photo-1507003211169-0a1dd7228f2d?auto=format&fit=crop&crop=faces&w=512&h=512&q=80,6 Station Lane,Bramblewick,Bramble Vale,GB,Point,-2.18493,51.77642,sam@bramblewick.example
defcb8a4-a017-5b93-9eba-1d5e2043e26a,BRAM0022,Tessa Moon,personal,active,public,Yoga teacher offering gentle sessions in the warm village hall. Touching your toes is entirely optional.,2026-05-23T11:59:00Z,2026-07-29T13:43:00Z,https://images.unsplash.com/photo-1699899657680-421c2c2d5064?auto=format&fit=crop&crop=faces&w=512&h=512&q=80,2 Chapel Row,Bramblewick,Bramble Vale,GB,Point,-2.17587,51.78243,tessa@bramblewick.example
efce7547-5552-51b9-b8b2-df84686b7e73,BRAM0023,Umar Brook,personal,active,public,"Preserver of seasonal gluts. If it sits still long enough, I will consider putting it in a jar.",2026-05-25T14:14:00Z,2026-07-04T18:32:00Z,https://images.unsplash.com/photo-1566761284295-af58908238bb?auto=format&fit=crop&crop=faces&w=512&h=512&q=80,"Bramble House, Brook Road",Bramblewick,Bramble Vale,GB,Point,-2.17539,51.78307,umar@bramblewick.example
612fd24a-4242-55e6-baf6-42df19cc2934,BRAM0024,Vera Clay,personal,active,public,Basket maker using local willow. Providing practical storage for the things we swear we will sort later.,2026-05-29T11:01:00Z,2026-09-12T11:04:00Z,,7 Mill Lane,Bramblewick,Bramble Vale,GB,Point,-2.18263,51.77818,vera@bramblewick.example
ac608df8-58eb-535e-a66e-4c2cdbba874b,BRAM0025,Will Ash,personal,active,public,Woodland volunteer and maker of insect hotels. The insects have yet to leave a review.,2026-06-03T15:42:00Z,2026-08-06T20:58:00Z,,"Woodside Cottage, Upper Bramble Lane",Bramblewick,Bramble Vale,GB,Point,-2.18251,51.78313,will@bramblewick.example
d73a35b1-249a-5777-80b1-f37c38519e3b,BRAM0026,Xenia Park,personal,active,public,Language tutor who moved here for the quiet and stayed for the village arguments about jam.,2026-06-05T16:25:00Z,2026-09-05T09:21:00Z,,5 Brook Road,Bramblewick,Bramble Vale,GB,Point,-2.17613,51.78086,xenia@bramblewick.example
4662335a-de5d-51af-ab94-e1c0e738d9bc,BRAM0027,Yasmin Dale,personal,active,public,Neighbour offering plant care while you are away. Fluent in thirsty fern and mildly offended orchid.,2026-06-10T11:19:00Z,2026-09-01T15:47:00Z,,6 Brook Road,Bramblewick,Bramble Vale,GB,Point,-2.17673,51.78186,yasmin@bramblewick.example
300f8a1e-52ff-5f40-b740-f84477858270,BRAM0028,Zach Wren,personal,active,public,Driver with a small estate car and a soft spot for useful errands. Very strict about wearing seat belts.,2026-06-16T11:48:00Z,2026-08-16T10:22:00Z,,3 Station Lane,Bramblewick,Bramble Vale,GB,Point,-2.18397,51.77713,zach@bramblewick.example
07cf32ce-7062-55e0-9bbd-654692b1498b,BRAM0029,Ada Fern,personal,active,public,Artist painting village signs and the occasional surprisingly cooperative chicken.,2026-06-18T14:59:00Z,2026-09-08T20:27:00Z,,4 Brook Road,Bramblewick,Bramble Vale,GB,Point,-2.17659,51.78159,ada@bramblewick.example
2d853b72-4f2a-5383-9c55-ec9e35001614,BRAM0030,Bramblewick Village Hall,organization,active,public,"A shared space for lunches, repairs, classes and meetings about the next meeting. Managed by community volunteers.",2026-01-10T15:05:00Z,2026-08-15T16:28:00Z,https://images.unsplash.com/photo-1784456795317-d9c144db62f3?auto=format&fit=crop&w=960&q=80,"Village Hall, Chapel Row",Bramblewick,Bramble Vale,GB,Point,-2.17647,51.78202,bramblewick@bramblewick.example
