id,member,user,notifications.myAccount,notifications.group,emails.myAccount,emails.group
b23f0e99-790c-5a0a-9ae8-b8c102a9be50,BRAM0001,mabel@bramblewick.example,true,true,false,never
dfca87ce-72b6-53f8-84c3-26e99810dbbf,BRAM0002,tom@bramblewick.example,true,true,false,never
0014895d-c8cb-5795-a95a-7ca07f3051a4,BRAM0003,aisha@bramblewick.example,true,true,false,never
c98b1a65-11e7-5d8b-afdf-b36e4a6c1a5a,BRAM0004,ben@bramblewick.example,true,true,false,never
95bd9c66-27e9-5c10-b479-fca6bd1bac51,BRAM0005,clara@bramblewick.example,true,true,false,never
fc8ca447-8774-5975-9067-95f12b78d68d,BRAM0006,diego@bramblewick.example,true,true,false,never
d5c8b04e-037f-5fa3-bbd0-1da5b836fe43,BRAM0007,elsie@bramblewick.example,true,true,false,never
27778a87-9bdc-58f1-ba25-027fbfea4151,BRAM0008,farah@bramblewick.example,true,true,false,never
a3967315-e22e-55c5-8e42-85cf07ba7dd6,BRAM0009,gus@bramblewick.example,true,true,false,never
8a257443-92da-5494-ae4a-e040f339e19c,BRAM0010,hana@bramblewick.example,true,true,false,never
869458b1-aa5e-5b4e-8678-9f47ef9587fe,BRAM0011,ivo@bramblewick.example,true,true,false,never
c35c40b5-8a6e-5f15-a0ae-e3ad384b4a5c,BRAM0012,jules@bramblewick.example,true,true,false,never
c6767ede-b136-55af-8765-67cad2ffba95,BRAM0013,kofi@bramblewick.example,true,true,false,never
afbeb26a-086c-5e92-972e-0f6508d52e32,BRAM0014,lena@bramblewick.example,true,true,false,never
89a9dc2a-5a09-536d-bbf0-81e91da337f7,BRAM0015,mateo@bramblewick.example,true,true,false,never
d56d4e14-e829-5f5b-a1e2-d7d7e70f8d91,BRAM0016,nora@bramblewick.example,true,true,false,never
bb3a4aa1-41ed-5867-885a-5b11ed70d306,BRAM0017,omar@bramblewick.example,true,true,false,never
8f9ad9da-f3c6-5d2d-8a25-a1beeb322942,BRAM0018,pippa@bramblewick.example,true,true,false,never
e5dbd2df-d6ed-5ed0-bdc3-2336a2dcd8ee,BRAM0019,quinn@bramblewick.example,true,true,false,never
fab788cc-b0b0-5684-9be3-e36b6dc5838e,BRAM0020,rosa@bramblewick.example,true,true,false,never
7e906128-221f-59a6-82d9-5da584760cbb,BRAM0021,sam@bramblewick.example,true,true,false,never
3d07c189-2691-54a0-a588-ba24099d7af0,BRAM0022,tessa@bramblewick.example,true,true,false,never
bb242e56-1545-5feb-9958-b2a0bc4281e5,BRAM0023,umar@bramblewick.example,true,true,false,never
aba7f88f-e88b-5edd-a751-be3bfc057458,BRAM0024,vera@bramblewick.example,true,true,false,never
fcd8630b-d78e-55b9-8210-a6ad64d37e60,BRAM0025,will@bramblewick.example,true,true,false,never
2ce73e52-b7d7-5b6c-b457-c150dff54685,BRAM0026,xenia@bramblewick.example,true,true,false,never
afbfe513-e896-5171-8cf6-d1bd7df2f0fc,BRAM0027,yasmin@bramblewick.example,true,true,false,never
fd10df04-fca6-53b5-8280-e93c53bb5257,BRAM0028,zach@bramblewick.example,true,true,false,never
4be98972-76d5-5402-a2c7-d18db8a80322,BRAM0029,ada@bramblewick.example,true,true,false,never
fa71b685-b18b-508c-9599-986e49d7b2f4,BRAM0030,bramblewick@bramblewick.example,true,true,false,never
