id,code,type,member,category,title,description,status,access,value,createdAt,updatedAt,location.type,location.longitude,location.latitude,imageUrls
db6c6ba8-23d4-5f89-9681-8f0d72216aef,BRAM0001-offer,offer,BRAM0001,food,Crooked vegetable box,"Carrots, kale and potatoes from Plot 4, picked the morning you collect. Each box has enough for a few meals for two people; the exact mix depends on what is ready. The carrots have personality and occasionally look like they are trying to leave. Please message me the day before so I can set a box aside, and bring a basket or bag. Collection is at the allotment gate on Saturday morning. Happy to swap a little kale for extra potatoes if the harvest allows. Everything comes unwashed, with a small souvenir of the allotment attached.",published,public,8 Brambles,2026-08-16T17:01:00Z,2026-10-05T17:40:00Z,Point,-2.18304,51.77753,https://images.unsplash.com/photo-1627989147125-a004d05946d3?auto=format&fit=crop&w=960&q=80;https://images.unsplash.com/photo-1609842947419-ba4f04d5d60f?auto=format&fit=crop&w=960&q=80
b23c8d5c-fb7b-54e4-a6ad-18eca3cd21c3,BRAM0001-need,need,BRAM0001,,Wanted: repair my wheelbarrow,The wheel squeaks in B flat. Looking for someone to replace its bearing before the next harvest.,published,public,,2026-09-07T12:16:00Z,2026-09-24T09:32:00Z,Point,-2.18304,51.77753,
9ffd13aa-fd09-5c2c-b12e-dbb3aefd814c,BRAM0002-offer,offer,BRAM0002,food,Friday sourdough loaves,"Slow-fermented wheat loaves, baked Friday morning with a good crust and a soft middle. Please reserve by Thursday evening; my oven is enthusiastic but small. The offer is for one loaf, collected at Mill Lane between 8 and 11. Bring a cloth bag if you have one. Contains gluten; ask me about other allergens before reserving.",published,public,6 Brambles,2026-09-17T20:58:00Z,2026-10-05T16:25:00Z,Point,-2.18443,51.77684,https://images.unsplash.com/photo-1613396874083-2d5fbe59ae79?auto=format&fit=crop&w=960&q=80;https://images.unsplash.com/photo-1559811814-e2c57b5e69df?auto=format&fit=crop&w=960&q=80
fec04c58-b294-51a2-99d1-54515af0bdce,BRAM0002-need,need,BRAM0002,,Wanted: clean jam jars,"Seeking twelve clean wide-necked jars with lids for starter portions. No mystery contents, please.",published,public,,2026-09-08T08:21:00Z,2026-10-05T08:20:00Z,Point,-2.18443,51.77684,https://images.unsplash.com/photo-1622428051717-dcd8412959de?auto=format&fit=crop&w=960&q=80
2b49eac6-146b-5ef1-93a7-441b73f3d0dd,BRAM0003-offer,offer,BRAM0003,repair,Bicycle tune-up,"If your bike changes gear only after a polite negotiation, bring it to the station shed. I'll adjust the brakes and gears, clean and lubricate the chain, and check the tyres, wheels and fixings. This covers a routine tune-up for one bicycle; replacement parts are separate and we'll agree those before I fit anything. Please send a short message about the bike and any particular grumbles, ideally with a photo, so I can check I have the right tools. Allow about an hour and book a time before coming over. You're welcome to stay and learn a few basic checks, or leave it with me and collect later. Everyday bikes are very welcome, including the one that has been behind the lawnmower since spring.",published,public,25 Brambles,2026-08-11T15:38:00Z,2026-10-05T15:30:00Z,Point,-2.17710,51.77547,https://images.unsplash.com/photo-1675798227643-da319f8ee8f7?auto=format&fit=crop&w=960&q=80;https://images.unsplash.com/photo-1562615193-cbeef074a501?auto=format&fit=crop&w=960&q=80
33ffedbf-1863-53c0-a8ed-80285935ab6f,BRAM0003-need,need,BRAM0003,,Wanted: apples for chutney,Looking for a basket of cooking apples. Bumps welcome; inhabitants less so.,published,public,,2026-09-09T16:45:00Z,2026-10-05T14:50:00Z,Point,-2.17710,51.77547,https://images.unsplash.com/photo-1508431800532-da5486c45537?auto=format&fit=crop&w=960&q=80
c88c8c09-7afc-5e80-8041-80517a0bcaea,BRAM0004-offer,offer,BRAM0004,garden,Young fruit-tree pruning,"An hour of careful pruning and advice for young apple or pear trees. Send me a photo and a rough height first, and we'll arrange a suitable time for the tree as well as for us. I bring hand tools and explain what I am doing as we go, so you can tackle the next tidy-up yourself. Reachable branches only; my enthusiasm for orchards does not extend to circus work. We'll leave the cuttings in a neat pile for your compost or collection.",published,public,20 Brambles,2026-09-22T16:01:00Z,2026-10-05T12:40:00Z,Point,-2.17396,51.78539,https://images.unsplash.com/photo-1633545382904-5e97dedc6e19?auto=format&fit=crop&w=960&q=80
4d584d3b-abd1-5191-82ed-021c50166024,BRAM0004-need,need,BRAM0004,,Wanted: mend a canvas apron,The pockets are trying to resign. Could someone patch two seams in my orchard apron?,published,public,,2026-09-05T07:18:00Z,2026-10-04T11:26:00Z,Point,-2.17396,51.78539,
f0f2189d-ee9e-5581-bb2a-3851b9bde33c,BRAM0005-offer,offer,BRAM0005,craft,Hand-thrown breakfast mug,"Stoneware mug with a comfortable handle and blue glaze. Holds about 300 ml, depending on how urgently you need tea. Dishwasher safe; each one is slightly different. Message me to choose from the current batch and arrange collection. Please bring a little wrapping for the journey home.",published,public,18 Brambles,2026-09-23T11:16:00Z,2026-10-05T10:30:00Z,Point,-2.18240,51.77855,https://images.unsplash.com/photo-1634428796565-0f56bbdafe8a?auto=format&fit=crop&w=960&h=640&crop=bottom&q=80;https://images.unsplash.com/photo-1590605095243-072811dbe64c?auto=format&fit=crop&w=960&q=80
654a9c15-df8b-5e68-9d1b-fe3db4dc61cc,BRAM0005-need,need,BRAM0005,,Wanted: packing boxes,Small sturdy boxes and clean paper wanted for pottery. Newspaper headlines may be dramatic; boxes must not be.,published,public,,2026-09-06T12:47:00Z,2026-10-03T12:14:00Z,Point,-2.18240,51.77855,https://images.unsplash.com/photo-1700165644892-3dd6b67b25bc?auto=format&fit=crop&w=960&q=80
16879531-4958-5663-abbe-4b8698b5d681,BRAM0006-offer,offer,BRAM0006,learn,Beginner acoustic guitar lesson,"A relaxed 45-minute lesson at the village hall for anyone starting from scratch or returning after a long pause. We'll cover tuning, a couple of chords and a simple rhythm, then try a song you actually like. No need to read music. I have a spare acoustic guitar; please mention when booking if you would like to borrow it for the session. Bring a song idea and whatever questions you have. Squeaky chords are part of the process, and there is absolutely no compulsory performance at the village fete.",published,public,18 Brambles,2026-08-31T10:30:00Z,2026-09-06T03:15:00Z,Point,-2.17647,51.78202,https://images.unsplash.com/photo-1510915361894-db8b60106cb1?auto=format&fit=crop&w=960&q=80
d4819aec-374c-5c7e-b705-2e4ce5babe11,BRAM0006-need,need,BRAM0006,,Wanted: bicycle puncture repair,My front tyre has retired unexpectedly. Looking for a patch and a quick lesson in doing it myself.,published,public,,2026-09-13T18:34:00Z,2026-09-19T01:58:00Z,Point,-2.18426,51.77696,
7b007fdc-9644-5e15-9d54-ec4abc019797,BRAM0007-offer,offer,BRAM0007,animals,Sheep fleece for spinning,One skirted raw fleece from this year's shearing. Collect from Thistle Farm; bring a sack and expect lanolin.,published,public,12 Brambles,2026-09-21T14:05:00Z,2026-09-29T22:13:00Z,Point,-2.17010,51.78852,https://images.unsplash.com/photo-1558567344-858438964240?auto=format&fit=crop&w=960&q=80
ff587a4d-7222-5295-bc05-017dab6dd761,BRAM0007-need,need,BRAM0007,,Wanted: extra hands for hay stacking,Two people for an hour in the dry barn. Gloves recommended; tea and biscuits included.,published,public,,2026-09-22T16:15:00Z,2026-10-05T11:55:00Z,Point,-2.17010,51.78852,https://images.unsplash.com/photo-1783267152147-62d4fad040d3?auto=format&fit=crop&w=960&q=80
432ac27a-75bd-54d0-a07e-75b54a200ba1,BRAM0008-offer,offer,BRAM0008,food,Seasonal vegetable soup portions,Four chilled portions of hearty vegetable soup. Ask about ingredients and allergens; bring suitable containers.,published,public,10 Brambles,2026-09-26T18:25:00Z,2026-09-30T23:49:00Z,Point,-2.17580,51.78072,https://images.unsplash.com/photo-1643786661490-966f1877effa?auto=format&fit=crop&w=960&q=80
06fa8f4e-f6f6-566e-82a6-dfe588038c94,BRAM0008-need,need,BRAM0008,,Wanted: sharpen kitchen knives,Three kitchen knives need an edge. At present the carrots are winning.,published,public,,2026-09-28T16:58:00Z,2026-09-29T10:36:00Z,Point,-2.17580,51.78072,https://images.unsplash.com/photo-1609467334293-030ac6448fd8?auto=format&fit=crop&w=960&q=80
756b922f-d8b9-52cc-9dae-077cf7cc8590,BRAM0009-offer,offer,BRAM0009,repair,Wobbly chair repair,Reglue loose joints and make your wooden chair steady again. Bring it to my shed for a look first.,published,public,22 Brambles,2026-09-06T08:56:00Z,2026-09-30T18:44:00Z,Point,-2.18408,51.77998,https://images.unsplash.com/photo-1730373451883-45a448eb9bfc?auto=format&fit=crop&w=960&q=80
3c718b55-3565-5705-b124-9c2a0235ce89,BRAM0009-need,need,BRAM0009,,Wanted: lift to the timber yard,Need a lift for myself and a short bundle of timber next Tuesday. No roof-balancing adventures.,published,public,,2026-09-27T18:01:00Z,2026-09-30T07:07:00Z,Point,-2.18408,51.77998,
29ed2cb7-23ea-50f2-bc0d-304d88b21ad5,BRAM0010-offer,offer,BRAM0010,care,An hour of dog walking,A small group walk along the brook. Meet first to discuss temperament and recall; maximum three dogs.,published,public,12 Brambles,2026-09-08T11:24:00Z,2026-09-09T12:26:00Z,Point,-2.17663,51.78003,https://images.unsplash.com/photo-1618946019619-9d7b7d86b48f?auto=format&fit=crop&w=960&q=80
82d9a3b6-10fd-5f7a-9c78-d4825d1c5d46,BRAM0010-need,need,BRAM0010,,Wanted: waterproof jacket repair,A small tear in a good raincoat needs patching. The weather has noticed.,published,public,,2026-09-24T07:08:00Z,2026-10-04T06:49:00Z,Point,-2.17663,51.78003,
9ec6050c-9340-5905-9771-9b9d9ae6a896,BRAM0011-offer,offer,BRAM0011,garden,Autumn salad seedlings,"A tray of six hardy salad plants, with growing notes. Suitable for a bed or deep window box.",published,public,5 Brambles,2026-08-10T09:46:00Z,2026-10-05T09:45:00Z,Point,-2.17562,51.78612,https://images.unsplash.com/photo-1466692476868-aef1dfb1e735?auto=format&fit=crop&w=960&q=80
5c147524-1793-50be-9fe5-aff1f6a9ea49,BRAM0011-need,need,BRAM0011,,Wanted: borrow a fruit press,"Looking to borrow a clean apple press for one weekend. Returned scrubbed, with a bottle of juice.",published,public,,2026-09-11T17:03:00Z,2026-09-30T06:02:00Z,Point,-2.17562,51.78612,
59bb29ed-e44c-5a22-bb70-60db13d04363,BRAM0012-offer,offer,BRAM0012,craft,Trouser hemming and small repairs,Shorten one pair of trousers or mend a simple seam. Bring clean garments; fitting by appointment.,published,public,10 Brambles,2026-08-03T09:17:00Z,2026-09-12T19:55:00Z,Point,-2.18485,51.77709,https://images.unsplash.com/photo-1606501126768-b78d4569d3f9?auto=format&fit=crop&w=960&q=80
ddec013a-bc6c-577f-aece-f06025e6dc5e,BRAM0012-need,need,BRAM0012,,Wanted: two sourdough loaves,Two loaves for the costume group's Saturday lunch. Crusty bread encouraged; crumbs will become scenery.,published,public,,2026-09-13T13:11:00Z,2026-09-15T15:53:00Z,Point,-2.18485,51.77709,https://images.unsplash.com/photo-1590301157172-7ba48dd1c2b2?auto=format&fit=crop&w=960&q=80
094a37e9-0984-50d7-aaf0-8d7f7a655ae2,BRAM0013-offer,offer,BRAM0013,learn,Patient phone or laptop help,"One hour for backups, video calls or everyday settings. Bring your device and charger; we will write down the steps.",published,public,20 Brambles,2026-08-17T20:46:00Z,2026-09-08T19:05:00Z,Point,-2.17602,51.78220,https://images.unsplash.com/photo-1508780709619-79562169bc64?auto=format&fit=crop&w=960&q=80
bd01e21e-a46a-5a67-8af3-59dd78ab72ac,BRAM0013-need,need,BRAM0013,,Wanted: indoor plant cuttings,Rooted cuttings for my bright windowsill. Ideally something that tolerates a missed watering.,published,public,,2026-09-13T13:33:00Z,2026-10-03T14:25:00Z,Point,-2.17602,51.78220,https://images.unsplash.com/photo-1506543730435-e2c1d4553a84?auto=format&fit=crop&w=960&q=80
dcaff10e-a362-5ad4-830f-edeaa1bb722b,BRAM0014-offer,offer,BRAM0014,garden,Seasonal garden bouquet,A hand-tied bunch of whatever is looking lovely this week. Collect Friday; colours vary with the garden.,published,public,9 Brambles,2026-08-20T08:36:00Z,2026-10-05T13:15:00Z,Point,-2.17441,51.78669,https://images.unsplash.com/photo-1531120364508-a6b656c3e78d?auto=format&fit=crop&w=960&q=80;https://images.unsplash.com/photo-1564070814872-a2e801dbf413?auto=format&fit=crop&w=960&q=80
e56cf743-2010-5115-8f9c-3beeda1b991c,BRAM0014-need,need,BRAM0014,,Wanted: repair a garden gate,"The small gate needs rehanging. It currently opens in three directions, only one of them useful.",published,public,,2026-09-21T09:41:00Z,2026-09-23T20:46:00Z,Point,-2.17441,51.78669,
c9882b8d-1d3b-5ab4-b6c0-f7a68b6b0489,BRAM0015-offer,offer,BRAM0015,repair,Sharpen secateurs or shears,Clean and sharpen one pair of garden secateurs or hand shears. No powered tools; allow two days.,published,public,8 Brambles,2026-09-18T17:25:00Z,2026-09-29T06:34:00Z,Point,-2.18501,51.77671,https://images.unsplash.com/photo-1734199218250-190178c7685a?auto=format&fit=crop&w=960&q=80
39bc2549-3d32-5658-82be-1d58d4af4d7c,BRAM0015-need,need,BRAM0015,,Wanted: beginner guitar lesson,I can tune a lawnmower but not a guitar. Looking for a patient first lesson.,published,public,,2026-09-20T18:26:00Z,2026-09-27T21:27:00Z,Point,-2.18501,51.77671,https://images.unsplash.com/photo-1541689592655-f5f52825a3b8?auto=format&fit=crop&w=960&q=80
90b917c6-6959-544d-952f-743ffedfd4b1,BRAM0016-offer,offer,BRAM0016,learn,Seed-saving workshop,"An hour for up to four neighbours: drying, labelling and storing easy seeds. Meet in the library annex.",published,public,15 Brambles,2026-09-14T07:37:00Z,2026-09-14T21:54:00Z,Point,-2.17551,51.78261,
5d1897a0-7e9d-56ec-b3bd-497edc52b8c3,BRAM0016-need,need,BRAM0016,,Wanted: a sturdy bookcase,A low bookcase for the seed library. Cosmetic scratches welcome; structural surprises less welcome.,published,public,,2026-09-20T13:51:00Z,2026-09-26T12:50:00Z,Point,-2.17551,51.78261,https://images.unsplash.com/photo-1725783521817-3f37e54390a4?auto=format&fit=crop&w=960&q=80
4e72aca1-e21a-599a-88b3-6f25476c44b2,BRAM0017-offer,offer,BRAM0017,transport,Village cargo-bike delivery,"One local collection and delivery, up to 15 kg. Weather permitting; no livestock or grand pianos.",published,public,7 Brambles,2026-09-29T08:50:00Z,2026-10-03T04:54:00Z,Point,-2.18410,51.77723,
6564bcfd-31de-528e-b3db-e95f52238af1,BRAM0017-need,need,BRAM0017,,Wanted: soup for a volunteer lunch,Four portions of vegetable soup for Saturday's repair crew. Containers supplied and happily returned.,published,public,,2026-09-25T19:04:00Z,2026-10-03T18:14:00Z,Point,-2.18410,51.77723,https://images.unsplash.com/photo-1741796105489-33ea406ac1b7?auto=format&fit=crop&w=960&q=80
77709081-6cbd-5119-8e30-0e9aa7954d7c,BRAM0018-offer,offer,BRAM0018,craft,Hand-knitted wool socks,Warm adult socks in natural wool. Choose from available sizes; hand-wash instructions included.,published,public,24 Brambles,2026-08-28T15:24:00Z,2026-09-09T05:55:00Z,Point,-2.17557,51.78124,https://images.unsplash.com/photo-1647549897410-3583914a7961?auto=format&fit=crop&w=960&q=80
6c36455e-e6b7-538c-965e-350c788a1c0e,BRAM0018-need,need,BRAM0018,,Wanted: raw sheep fleece,One clean-ish skirted fleece for spinning practice. I accept that sheep are not upholstered furniture.,published,public,,2026-09-11T15:59:00Z,2026-09-21T02:42:00Z,Point,-2.17557,51.78124,
1b8095d2-0508-559e-a831-715150ccb9a9,BRAM0019-offer,offer,BRAM0019,learn,Bramblewick history walk,"A gentle 90-minute village walk, including the mill and old railway. Step-free route available on request.",published,public,10 Brambles,2026-08-06T20:06:00Z,2026-09-06T08:37:00Z,Point,-2.17647,51.78202,
f2d961a2-e9ad-560c-a11f-3002c0925f7c,BRAM0019-need,need,BRAM0019,,Wanted: borrow folding chairs,"Six folding chairs for a history evening. Returned next day, with all six accounted for.",published,public,,2026-09-18T12:26:00Z,2026-09-20T10:13:00Z,Point,-2.17974,51.78595,
91187779-9b8b-55af-ae0a-403581c4dbc8,BRAM0020-offer,offer,BRAM0020,food,Oat and raisin biscuits,"A dozen home-baked biscuits. Contains oats, wheat, eggs and dairy; collect on Saturday morning.",published,public,7 Brambles,2026-09-24T20:30:00Z,2026-09-26T15:22:00Z,Point,-2.18221,51.77868,https://images.unsplash.com/photo-1631311253861-52eaf0337adb?auto=format&fit=crop&w=960&q=80
43da5f1d-df6d-5daa-8545-75d8218f4a8f,BRAM0020-need,need,BRAM0020,,Wanted: help with a phone backup,My photos live somewhere inside this rectangle. I would like a second copy somewhere less mysterious.,published,public,,2026-09-02T15:57:00Z,2026-09-25T02:40:00Z,Point,-2.18221,51.77868,
c77e38c1-c331-578e-935f-9bfc0ac6eaac,BRAM0021-offer,offer,BRAM0021,repair,Put up a shelf,Install one shelf on a suitable wall. Fixings and location agreed beforehand; shelf supplied by you.,published,public,20 Brambles,2026-08-28T10:16:00Z,2026-09-27T18:32:00Z,Point,-2.18493,51.77642,https://images.unsplash.com/photo-1781032384657-320d38787e77?auto=format&fit=crop&w=960&q=80
251e34aa-e5d6-568c-87c2-c92940d98ff5,BRAM0021-need,need,BRAM0021,,Wanted: a pot for a large fern,A sturdy plant pot around 30 cm wide. The fern has outgrown both its pot and its modesty.,published,public,,2026-09-10T19:48:00Z,2026-09-23T11:20:00Z,Point,-2.18493,51.77642,
d8af6b49-3952-5a48-a8fc-372f7071e79c,BRAM0022-offer,offer,BRAM0022,care,Gentle chair yoga session,A calm 45-minute class with seated options. Bring water; tell me about any movements you want to avoid.,published,public,8 Brambles,2026-08-18T07:56:00Z,2026-09-23T11:09:00Z,Point,-2.17647,51.78202,
5abcfcb7-7cc8-5fbe-b63d-92fadc3a2723,BRAM0022-need,need,BRAM0022,,Wanted: fresh flowers for the hall,A small bunch for the welcome table on Friday. Something cheerful that will not overwhelm the hay-fever contingent.,published,public,,2026-09-23T08:05:00Z,2026-10-04T16:37:00Z,Point,-2.17587,51.78243,
81592a32-d895-5581-abcd-3bec621e4cdb,BRAM0023-offer,offer,BRAM0023,food,Apple and onion chutney,A 250 g jar from the autumn batch. Ingredients and allergens on the label; return the empty jar if you can.,published,public,5 Brambles,2026-09-21T15:09:00Z,2026-10-01T22:34:00Z,Point,-2.17539,51.78307,https://images.unsplash.com/photo-1779120708355-7a41581b4584?auto=format&fit=crop&w=960&q=80
8dcaa18c-6f1d-54a8-bf6b-be17cf03beaa,BRAM0023-need,need,BRAM0023,,Wanted: spare cooking apples,A bucket of sound windfalls for chutney. Slightly odd shapes are practically a requirement.,published,public,,2026-09-19T20:40:00Z,2026-09-30T00:18:00Z,Point,-2.17539,51.78307,
da0a20ff-ba4d-5e71-b9c5-b18219da9563,BRAM0024-offer,offer,BRAM0024,craft,Willow basket repair,Repair a handle or a small damaged section on a willow basket. Send a photo before dropping it off.,published,public,16 Brambles,2026-08-05T12:39:00Z,2026-09-16T03:39:00Z,Point,-2.18263,51.77818,https://images.unsplash.com/photo-1481061730414-e888962bd2c0?auto=format&fit=crop&w=960&q=80;https://images.unsplash.com/photo-1592239602383-fe9a09428d71?auto=format&fit=crop&w=960&q=80
7441a178-72aa-59c7-af8a-2f25af18794d,BRAM0024-need,need,BRAM0024,,Wanted: lend me secateurs,Sharp bypass secateurs for a morning's willow cutting. Returned clean and grateful.,published,public,,2026-09-07T19:34:00Z,2026-09-22T21:12:00Z,Point,-2.18263,51.77818,
2109df9b-2ec9-5742-9766-c30146ccbd87,BRAM0025-offer,offer,BRAM0025,garden,Build a simple insect hotel,A small habitat box made with reclaimed untreated wood and hollow stems. Includes siting advice.,published,public,14 Brambles,2026-08-08T16:16:00Z,2026-09-12T18:21:00Z,Point,-2.18251,51.78313,https://images.unsplash.com/photo-1591095140780-568a57a20262?auto=format&fit=crop&w=960&q=80
c9018469-7468-5fce-9225-52d3ca5f6929,BRAM0025-need,need,BRAM0025,,Wanted: mend work trousers,Two knee patches for my favourite work trousers. The trousers and I have both seen better fences.,published,public,,2026-09-30T10:04:00Z,2026-10-03T15:15:00Z,Point,-2.18251,51.78313,
8ada62d4-07b7-53af-9e5e-314151f8f47f,BRAM0026-offer,offer,BRAM0026,learn,Conversational Spanish practice,"A relaxed hour of Spanish conversation for beginners. Coffee, useful phrases and no surprise grammar exams.",published,public,18 Brambles,2026-09-28T11:00:00Z,2026-09-30T23:11:00Z,Point,-2.17613,51.78086,
6a4fd0b9-e53e-5c33-89c6-b49009037083,BRAM0026-need,need,BRAM0026,,Wanted: bicycle tune-up,Brakes and gears checked before autumn rides. I would prefer the squeaking to come from actual wildlife.,published,public,,2026-09-28T08:35:00Z,2026-09-30T10:15:00Z,Point,-2.17613,51.78086,
7594944b-4ee8-5659-a940-55c76b64c9ea,BRAM0027-offer,offer,BRAM0027,care,Holiday houseplant visits,Two local visits to water indoor plants and check agreed tasks. Meet first and leave clear care instructions.,published,public,10 Brambles,2026-09-03T19:29:00Z,2026-09-12T04:11:00Z,Point,-2.17673,51.78186,https://images.unsplash.com/photo-1788014956391-21dea41215c4?auto=format&fit=crop&w=960&q=80
8f12a09a-821d-5c53-9c7d-d026eaf08fbf,BRAM0027-need,need,BRAM0027,,Wanted: a warm pair of socks,"Wool socks, adult size 39, for a draughty cottage. Matching colours are a bonus rather than a condition.",published,public,,2026-09-27T19:00:00Z,2026-10-04T07:25:00Z,Point,-2.17673,51.78186,https://images.unsplash.com/photo-1641399050826-9616c90427bb?auto=format&fit=crop&w=960&q=80
ceda0e7a-f70d-55a1-866b-91f85c16cd99,BRAM0028-offer,offer,BRAM0028,transport,Lift to the weekly market,"Return trip to the Wednesday market, up to two passengers. Meet at the village hall at 9; bags welcome.",published,public,12 Brambles,2026-08-03T08:47:00Z,2026-09-10T17:50:00Z,Point,-2.17647,51.78202,
837e02c9-4482-5a3d-a068-22affeb14521,BRAM0028-need,need,BRAM0028,,Wanted: fresh salad seedlings,Six hardy seedlings for a raised bed. My last attempt became a private buffet for slugs.,published,public,,2026-09-30T20:47:00Z,2026-10-02T15:42:00Z,Point,-2.18397,51.77713,https://images.unsplash.com/photo-1462690417829-5b41247f6b0e?auto=format&fit=crop&w=960&q=80
d3ffcdc1-2d56-5b36-952c-60555800519d,BRAM0029-offer,offer,BRAM0029,craft,Hand-painted garden sign,"A short name or message on reclaimed timber, sealed for outdoor use. Lettering and size agreed first.",published,public,15 Brambles,2026-09-11T13:12:00Z,2026-09-15T05:53:00Z,Point,-2.17659,51.78159,https://images.unsplash.com/photo-1787579418034-269bc0408ff7?auto=format&fit=crop&w=960&q=80
df12b485-fc6b-598b-aabe-da466a330492,BRAM0029-need,need,BRAM0029,,Wanted: a beginner pottery lesson,Would like to make a bowl that stays a bowl. All previous attempts have become abstract landscapes.,published,public,,2026-09-14T10:25:00Z,2026-09-27T20:41:00Z,Point,-2.17659,51.78159,
35a06b5b-e8c4-5dfa-b7e3-ac9775862185,BRAM0030-offer,offer,BRAM0030,community,Small meeting room for an hour,"Room for up to twelve people, with kettle, accessible entrance and chairs. Book ahead; leave it as you found it.",published,public,15 Brambles,2026-09-23T15:28:00Z,2026-09-27T02:23:00Z,Point,-2.17647,51.78202,https://images.unsplash.com/photo-1571624436279-b272aff752b5?auto=format&fit=crop&w=960&q=80
74e0c3fb-cf29-5019-9532-bff31ebc79fa,BRAM0030-need,need,BRAM0030,,Wanted: help stack chairs after lunch,Two neighbours for half an hour after Sunday's lunch. Tea provided; chair-stacking championships optional.,published,public,,2026-09-27T13:16:00Z,2026-10-04T08:54:00Z,Point,-2.17647,51.78202,
