id,payer,payee,user,amount,description,createdAt,updatedAt
57550c57-4d1f-5791-87e3-1161f7042c52,BRAM0002,BRAM0001,tom@bramblewick.example,8.00,Crooked vegetable box,2026-07-01T10:00:00Z,2026-07-01T10:00:00Z
65110c4f-c56f-5f1c-a9eb-bade9419e65c,BRAM0003,BRAM0002,aisha@bramblewick.example,6.00,Friday sourdough loaves,2026-07-02T11:00:00Z,2026-07-02T11:00:00Z
70a5b60a-36cf-5677-ad0e-77d5beab4859,BRAM0004,BRAM0003,ben@bramblewick.example,25.00,Bicycle tune-up,2026-07-03T12:00:00Z,2026-07-03T12:00:00Z
8344b10c-80fe-503a-8771-a01e9b0f35b7,BRAM0005,BRAM0004,clara@bramblewick.example,20.00,Young fruit-tree pruning,2026-07-04T13:00:00Z,2026-07-04T13:00:00Z
6056d6cc-52cb-515a-aace-fa00303cbe89,BRAM0006,BRAM0005,diego@bramblewick.example,18.00,Hand-thrown breakfast mug,2026-07-05T14:00:00Z,2026-07-05T14:00:00Z
2f083abe-a079-5179-952d-819f2d36d95b,BRAM0007,BRAM0006,elsie@bramblewick.example,18.00,Beginner acoustic guitar lesson,2026-07-06T15:00:00Z,2026-07-06T15:00:00Z
e170304f-30ea-5dd6-979f-7c74a0e234d8,BRAM0008,BRAM0007,farah@bramblewick.example,12.00,Sheep fleece for spinning,2026-07-07T16:00:00Z,2026-07-07T16:00:00Z
cee62682-5552-5997-a4c8-8ad281441375,BRAM0009,BRAM0008,gus@bramblewick.example,10.00,Seasonal vegetable soup portions,2026-07-08T10:00:00Z,2026-07-08T10:00:00Z
25f8cf91-5ae0-553e-9783-6744e85f2768,BRAM0010,BRAM0009,hana@bramblewick.example,22.00,Wobbly chair repair,2026-07-09T11:00:00Z,2026-07-09T11:00:00Z
2a90f68c-cb4e-5589-aa6a-e48c97a734e9,BRAM0011,BRAM0010,ivo@bramblewick.example,12.00,An hour of dog walking,2026-07-10T12:00:00Z,2026-07-10T12:00:00Z
9ea853ea-41f2-5c84-b872-06858fb66d84,BRAM0012,BRAM0011,jules@bramblewick.example,5.00,Autumn salad seedlings,2026-07-11T13:00:00Z,2026-07-11T13:00:00Z
57b0a086-45f6-51ca-aaf3-9e7a85598ee2,BRAM0013,BRAM0012,kofi@bramblewick.example,10.00,Trouser hemming and small repairs,2026-07-12T14:00:00Z,2026-07-12T14:00:00Z
a25cdaa0-3192-5c05-8f42-d918b0328e89,BRAM0014,BRAM0013,lena@bramblewick.example,20.00,Patient phone or laptop help,2026-07-13T15:00:00Z,2026-07-13T15:00:00Z
e2b1ce4f-df6e-5bbb-a88e-180d9c053c8f,BRAM0015,BRAM0014,mateo@bramblewick.example,9.00,Seasonal garden bouquet,2026-07-14T16:00:00Z,2026-07-14T16:00:00Z
9dc982f5-6137-5dbe-b430-3d16701918ff,BRAM0016,BRAM0015,nora@bramblewick.example,8.00,Sharpen secateurs or shears,2026-07-15T10:00:00Z,2026-07-15T10:00:00Z
44420091-5e73-5b46-acee-5a0f87ab5085,BRAM0017,BRAM0016,omar@bramblewick.example,15.00,Seed-saving workshop,2026-07-16T11:00:00Z,2026-07-16T11:00:00Z
91d368d2-5659-51cb-bebb-6efcb9300631,BRAM0018,BRAM0017,pippa@bramblewick.example,7.00,Village cargo-bike delivery,2026-07-17T12:00:00Z,2026-07-17T12:00:00Z
552ebfb3-521b-5efc-8799-c1ae2cdf2dd1,BRAM0019,BRAM0018,quinn@bramblewick.example,24.00,Hand-knitted wool socks,2026-07-18T13:00:00Z,2026-07-18T13:00:00Z
21f8c5a6-abb4-5746-ae44-9a225f3e60f5,BRAM0020,BRAM0019,rosa@bramblewick.example,10.00,Bramblewick history walk,2026-07-19T14:00:00Z,2026-07-19T14:00:00Z
1e410b5a-cd17-504e-83a6-47f3639d3029,BRAM0021,BRAM0020,sam@bramblewick.example,7.00,Oat and raisin biscuits,2026-07-20T15:00:00Z,2026-07-20T15:00:00Z
ae062c21-9e87-5842-b2d3-7a61b0dd741c,BRAM0022,BRAM0021,tessa@bramblewick.example,20.00,Put up a shelf,2026-07-21T16:00:00Z,2026-07-21T16:00:00Z
e1f6d4d6-7bdf-5806-bef2-2b12781e246b,BRAM0023,BRAM0022,umar@bramblewick.example,8.00,Gentle chair yoga session,2026-07-22T10:00:00Z,2026-07-22T10:00:00Z
b7f52356-1a99-55b8-ac97-1035b2ca38c4,BRAM0024,BRAM0023,vera@bramblewick.example,5.00,Apple and onion chutney,2026-07-23T11:00:00Z,2026-07-23T11:00:00Z
fff6c052-86c0-5d2c-afa4-679af1087b60,BRAM0025,BRAM0024,will@bramblewick.example,16.00,Willow basket repair,2026-07-24T12:00:00Z,2026-07-24T12:00:00Z
59b417e7-7db2-5941-8893-ef6dd6ddacb0,BRAM0026,BRAM0025,xenia@bramblewick.example,14.00,Build a simple insect hotel,2026-07-25T13:00:00Z,2026-07-25T13:00:00Z
c3e5213b-6830-59ed-8ffe-664bafec0880,BRAM0027,BRAM0026,yasmin@bramblewick.example,18.00,Conversational Spanish practice,2026-07-01T14:00:00Z,2026-07-01T14:00:00Z
f3075cb8-1c7a-5214-82db-7f1c0b410e65,BRAM0028,BRAM0027,zach@bramblewick.example,10.00,Holiday houseplant visits,2026-07-02T15:00:00Z,2026-07-02T15:00:00Z
d9530562-5618-58e1-99f9-d237a3677698,BRAM0029,BRAM0028,ada@bramblewick.example,12.00,Lift to the weekly market,2026-07-03T16:00:00Z,2026-07-03T16:00:00Z
1b3178e2-0f46-5395-96cc-21e82624e59f,BRAM0030,BRAM0029,bramblewick@bramblewick.example,15.00,Hand-painted garden sign,2026-07-04T10:00:00Z,2026-07-04T10:00:00Z
bf55ab30-dbb8-5bc2-bdbd-dd11d7796347,BRAM0001,BRAM0030,mabel@bramblewick.example,15.00,Small meeting room for an hour,2026-07-05T11:00:00Z,2026-07-05T11:00:00Z
f315a04d-9be8-52b8-b69b-3fa25ad3e9c9,BRAM0008,BRAM0001,farah@bramblewick.example,8.00,Crooked vegetable box,2026-08-01T10:00:00Z,2026-08-01T10:00:00Z
ba1f0bf1-b38c-54d1-86cd-84c6a1eda532,BRAM0009,BRAM0002,gus@bramblewick.example,6.00,Friday sourdough loaves,2026-08-02T11:00:00Z,2026-08-02T11:00:00Z
068ce591-d3f4-53dc-91f4-5ad270a76c29,BRAM0010,BRAM0003,hana@bramblewick.example,25.00,Bicycle tune-up,2026-08-03T12:00:00Z,2026-08-03T12:00:00Z
aec6baf1-eaac-5657-a400-1a0029366813,BRAM0011,BRAM0004,ivo@bramblewick.example,20.00,Young fruit-tree pruning,2026-08-04T13:00:00Z,2026-08-04T13:00:00Z
04d7b9bc-3f44-585d-a7ba-73987157924d,BRAM0012,BRAM0005,jules@bramblewick.example,18.00,Hand-thrown breakfast mug,2026-08-05T14:00:00Z,2026-08-05T14:00:00Z
15b5c670-3c3d-59f2-b7c5-4e7a3353e562,BRAM0013,BRAM0006,kofi@bramblewick.example,18.00,Beginner acoustic guitar lesson,2026-08-06T15:00:00Z,2026-08-06T15:00:00Z
08309f6c-6a72-54d3-bf7a-ddc9dd471f82,BRAM0014,BRAM0007,lena@bramblewick.example,12.00,Sheep fleece for spinning,2026-08-07T16:00:00Z,2026-08-07T16:00:00Z
9817ba87-3c78-5d7c-a03c-df127e30b3e9,BRAM0015,BRAM0008,mateo@bramblewick.example,10.00,Seasonal vegetable soup portions,2026-08-08T10:00:00Z,2026-08-08T10:00:00Z
6622e576-063c-54c6-9f2f-2a88ae1fc3d4,BRAM0016,BRAM0009,nora@bramblewick.example,22.00,Wobbly chair repair,2026-08-09T11:00:00Z,2026-08-09T11:00:00Z
8b25613f-6c14-5c48-8cef-ce0fbe3e7333,BRAM0017,BRAM0010,omar@bramblewick.example,12.00,An hour of dog walking,2026-08-10T12:00:00Z,2026-08-10T12:00:00Z
988bc253-3de0-50d4-8459-74e044f17269,BRAM0018,BRAM0011,pippa@bramblewick.example,5.00,Autumn salad seedlings,2026-08-11T13:00:00Z,2026-08-11T13:00:00Z
82ed1a44-2194-534f-a88c-fb0b40cbbd2d,BRAM0019,BRAM0012,quinn@bramblewick.example,10.00,Trouser hemming and small repairs,2026-08-12T14:00:00Z,2026-08-12T14:00:00Z
7f66bf75-56bc-53f1-a5f5-1d32f26d3350,BRAM0020,BRAM0013,rosa@bramblewick.example,20.00,Patient phone or laptop help,2026-08-13T15:00:00Z,2026-08-13T15:00:00Z
3a1ef666-2a79-5335-8625-9c168f722b9c,BRAM0021,BRAM0014,sam@bramblewick.example,9.00,Seasonal garden bouquet,2026-08-14T16:00:00Z,2026-08-14T16:00:00Z
08931f47-ff9a-5b67-88d3-2c95aece05bb,BRAM0022,BRAM0015,tessa@bramblewick.example,8.00,Sharpen secateurs or shears,2026-08-15T10:00:00Z,2026-08-15T10:00:00Z
5997e987-8a3f-5d4d-bcad-3b436d0a6954,BRAM0023,BRAM0016,umar@bramblewick.example,15.00,Seed-saving workshop,2026-08-16T11:00:00Z,2026-08-16T11:00:00Z
16c4fe07-bf5f-52fa-91bb-e7996a7536cd,BRAM0024,BRAM0017,vera@bramblewick.example,7.00,Village cargo-bike delivery,2026-08-17T12:00:00Z,2026-08-17T12:00:00Z
abd75c77-4060-55e9-8795-d22f0e0bad26,BRAM0025,BRAM0018,will@bramblewick.example,24.00,Hand-knitted wool socks,2026-08-18T13:00:00Z,2026-08-18T13:00:00Z
b8f64c60-3d75-58e6-bca0-bcf6efcb3eff,BRAM0026,BRAM0019,xenia@bramblewick.example,10.00,Bramblewick history walk,2026-08-19T14:00:00Z,2026-08-19T14:00:00Z
e2a19fc7-b724-5d5e-86fd-b6c81b113ce9,BRAM0027,BRAM0020,yasmin@bramblewick.example,7.00,Oat and raisin biscuits,2026-08-20T15:00:00Z,2026-08-20T15:00:00Z
077750a2-af66-548b-8976-1e79822fa310,BRAM0028,BRAM0021,zach@bramblewick.example,20.00,Put up a shelf,2026-08-21T16:00:00Z,2026-08-21T16:00:00Z
a0a5cb7d-b4ef-591a-b2df-2697950c3086,BRAM0029,BRAM0022,ada@bramblewick.example,8.00,Gentle chair yoga session,2026-08-22T10:00:00Z,2026-08-22T10:00:00Z
f7d41a53-c2ce-5284-b5e8-e87ea41e71a5,BRAM0030,BRAM0023,bramblewick@bramblewick.example,5.00,Apple and onion chutney,2026-08-23T11:00:00Z,2026-08-23T11:00:00Z
50bf2c46-0f0f-5c48-89da-2b336831f0ed,BRAM0001,BRAM0024,mabel@bramblewick.example,16.00,Willow basket repair,2026-08-24T12:00:00Z,2026-08-24T12:00:00Z
323f869b-0549-5b0e-804a-986463447640,BRAM0002,BRAM0025,tom@bramblewick.example,14.00,Build a simple insect hotel,2026-08-25T13:00:00Z,2026-08-25T13:00:00Z
67d57bfc-53c1-5701-a2bd-b247232b186f,BRAM0003,BRAM0026,aisha@bramblewick.example,18.00,Conversational Spanish practice,2026-08-01T14:00:00Z,2026-08-01T14:00:00Z
e357d969-9d57-52e9-a797-86d954c306db,BRAM0004,BRAM0027,ben@bramblewick.example,10.00,Holiday houseplant visits,2026-08-02T15:00:00Z,2026-08-02T15:00:00Z
545df8eb-9533-5f20-9093-24dfcd9beeae,BRAM0005,BRAM0028,clara@bramblewick.example,12.00,Lift to the weekly market,2026-08-03T16:00:00Z,2026-08-03T16:00:00Z
60631afb-2702-5523-87e2-349473230222,BRAM0006,BRAM0029,diego@bramblewick.example,15.00,Hand-painted garden sign,2026-08-04T10:00:00Z,2026-08-04T10:00:00Z
f939dc5e-f4ef-5c0d-94ec-f1b409dce3f3,BRAM0007,BRAM0030,elsie@bramblewick.example,15.00,Small meeting room for an hour,2026-08-05T11:00:00Z,2026-08-05T11:00:00Z
33694da9-e662-5a8b-a301-32e1eedbf346,BRAM0014,BRAM0001,lena@bramblewick.example,8.00,"Crooked vegetable box",2026-09-01T10:00:00Z,2026-09-01T10:00:00Z
8a443665-eb78-5210-99a1-9585b6869fbe,BRAM0015,BRAM0002,mateo@bramblewick.example,6.00,"Friday sourdough loaves",2026-09-02T11:00:00Z,2026-09-02T11:00:00Z
4501f024-7ef9-54cd-ac70-bf9fb306fec6,BRAM0016,BRAM0003,nora@bramblewick.example,25.00,"Bicycle tune-up",2026-09-03T12:00:00Z,2026-09-03T12:00:00Z
a542367c-7b63-5bc3-b361-bfc4b3ef43ef,BRAM0017,BRAM0004,omar@bramblewick.example,20.00,"Young fruit-tree pruning",2026-09-04T13:00:00Z,2026-09-04T13:00:00Z
cc89f460-0066-51c2-9429-1da36af69bbc,BRAM0018,BRAM0005,pippa@bramblewick.example,18.00,"Hand-thrown breakfast mug",2026-09-05T14:00:00Z,2026-09-05T14:00:00Z
b48854b0-5d49-5584-9739-aa0a4fdcaedc,BRAM0019,BRAM0006,quinn@bramblewick.example,18.00,"Beginner acoustic guitar lesson",2026-09-06T15:00:00Z,2026-09-06T15:00:00Z
225ff4c3-404e-59ea-87a0-9f8814fc5f3c,BRAM0020,BRAM0007,rosa@bramblewick.example,12.00,"Sheep fleece for spinning",2026-09-07T16:00:00Z,2026-09-07T16:00:00Z
5acffe69-57d6-5f21-85d0-0360f35139a7,BRAM0021,BRAM0008,sam@bramblewick.example,10.00,"Seasonal vegetable soup portions",2026-09-08T10:00:00Z,2026-09-08T10:00:00Z
5c019b81-13b2-57c0-b724-69e27d45cdad,BRAM0022,BRAM0009,tessa@bramblewick.example,22.00,"Wobbly chair repair",2026-09-09T11:00:00Z,2026-09-09T11:00:00Z
9ad1f1d7-508e-5dbd-91c2-988bffe311af,BRAM0023,BRAM0010,umar@bramblewick.example,12.00,"An hour of dog walking",2026-09-10T12:00:00Z,2026-09-10T12:00:00Z
a13a29ff-bef4-58a7-aef1-f6c7d53aeb59,BRAM0024,BRAM0011,vera@bramblewick.example,5.00,"Autumn salad seedlings",2026-09-11T13:00:00Z,2026-09-11T13:00:00Z
e9b64bc4-5065-57c0-8449-758f7ccfd014,BRAM0025,BRAM0012,will@bramblewick.example,10.00,"Trouser hemming and small repairs",2026-09-12T14:00:00Z,2026-09-12T14:00:00Z
816865b2-6022-570b-b6b0-d85dac9a383a,BRAM0026,BRAM0013,xenia@bramblewick.example,20.00,"Patient phone or laptop help",2026-09-13T15:00:00Z,2026-09-13T15:00:00Z
e58e104d-2748-58e7-98cd-0cc918feef1b,BRAM0027,BRAM0014,yasmin@bramblewick.example,9.00,"Seasonal garden bouquet",2026-09-14T16:00:00Z,2026-09-14T16:00:00Z
b441b09a-78dc-543d-b121-f4d7995e51b0,BRAM0028,BRAM0015,zach@bramblewick.example,8.00,"Sharpen secateurs or shears",2026-09-15T10:00:00Z,2026-09-15T10:00:00Z
b76820be-4755-5ca3-b3cb-f4081a6d29a7,BRAM0029,BRAM0016,ada@bramblewick.example,15.00,"Seed-saving workshop",2026-09-16T11:00:00Z,2026-09-16T11:00:00Z
81e814cc-ac49-53ed-821a-7fe6549a6ba9,BRAM0030,BRAM0017,bramblewick@bramblewick.example,7.00,"Village cargo-bike delivery",2026-09-17T12:00:00Z,2026-09-17T12:00:00Z
0e009237-e5c4-53be-afe1-b1a28e797732,BRAM0001,BRAM0018,mabel@bramblewick.example,24.00,"Hand-knitted wool socks",2026-09-18T13:00:00Z,2026-09-18T13:00:00Z
562dc982-a122-5400-8a54-fc2d9fc8bc77,BRAM0002,BRAM0019,tom@bramblewick.example,10.00,"Bramblewick history walk",2026-09-19T14:00:00Z,2026-09-19T14:00:00Z
5bed38ca-3242-5186-9008-96590dc7df4f,BRAM0003,BRAM0020,aisha@bramblewick.example,7.00,"Oat and raisin biscuits",2026-09-20T15:00:00Z,2026-09-20T15:00:00Z
02bfe2a2-4fc8-5867-86c0-2fcee1f3a806,BRAM0004,BRAM0021,ben@bramblewick.example,20.00,"Put up a shelf",2026-09-21T16:00:00Z,2026-09-21T16:00:00Z
3e1b5e35-208f-5e05-a8ec-1c173b51e82f,BRAM0005,BRAM0022,clara@bramblewick.example,8.00,"Gentle chair yoga session",2026-09-22T10:00:00Z,2026-09-22T10:00:00Z
a11db267-f871-59bb-a782-ab05afb8d86c,BRAM0006,BRAM0023,diego@bramblewick.example,5.00,"Apple and onion chutney",2026-09-23T11:00:00Z,2026-09-23T11:00:00Z
4edb553c-93e4-5537-b8fe-0fcf3e5aa60c,BRAM0007,BRAM0024,elsie@bramblewick.example,16.00,"Willow basket repair",2026-09-24T12:00:00Z,2026-09-24T12:00:00Z
1f6e8df5-8717-506d-bd18-69e68fdc49f2,BRAM0008,BRAM0025,farah@bramblewick.example,14.00,"Build a simple insect hotel",2026-09-25T13:00:00Z,2026-09-25T13:00:00Z
681cf0b1-3cfa-5ac0-9f54-711675f67aef,BRAM0009,BRAM0026,gus@bramblewick.example,18.00,"Conversational Spanish practice",2026-09-01T14:00:00Z,2026-09-01T14:00:00Z
fce466cd-7d6a-5b48-bc30-09573518daad,BRAM0010,BRAM0027,hana@bramblewick.example,10.00,"Holiday houseplant visits",2026-09-02T15:00:00Z,2026-09-02T15:00:00Z
35d4cb00-6f3e-58e0-96bf-a04215c454b5,BRAM0011,BRAM0028,ivo@bramblewick.example,12.00,"Lift to the weekly market",2026-09-03T16:00:00Z,2026-09-03T16:00:00Z
dc330c75-7b2a-591f-a89e-5ae8c4fc9d2c,BRAM0012,BRAM0029,jules@bramblewick.example,15.00,"Hand-painted garden sign",2026-09-04T10:00:00Z,2026-09-04T10:00:00Z
9f96f59c-0e1e-5d35-8bf3-c4476899300a,BRAM0013,BRAM0030,kofi@bramblewick.example,15.00,"Small meeting room for an hour",2026-09-05T11:00:00Z,2026-09-05T11:00:00Z
