id,email,name,status,passwordHash,language,createdAt,updatedAt
309bb14d-b3d2-57f4-99bf-35afbf611004,mabel@bramblewick.example,Mabel Moss,active,$2b$10$BbZ2Ggh7GxV0K64sNsXDF.UCAcsM2JOIqIA/ArEg2p9XWRd27Utae,en,2026-01-10T10:00:00Z,2026-09-28T17:00:00Z
555ca671-af43-537e-a351-d5ed65fa5a16,tom@bramblewick.example,Tom Reed,active,$2b$10$BbZ2Ggh7GxV0K64sNsXDF.UCAcsM2JOIqIA/ArEg2p9XWRd27Utae,en,2026-01-10T10:00:00Z,2026-09-28T17:00:00Z
ad4f2032-50bc-5b73-9318-1e5789be6e38,aisha@bramblewick.example,Aisha Patel,active,$2b$10$BbZ2Ggh7GxV0K64sNsXDF.UCAcsM2JOIqIA/ArEg2p9XWRd27Utae,en,2026-01-10T10:00:00Z,2026-09-28T17:00:00Z
a8ce3ee8-7d32-5865-9e6d-2de2e59db734,ben@bramblewick.example,Ben Rowan,active,$2b$10$BbZ2Ggh7GxV0K64sNsXDF.UCAcsM2JOIqIA/ArEg2p9XWRd27Utae,en,2026-01-10T10:00:00Z,2026-09-28T17:00:00Z
637c34ba-7733-563c-a204-33a836d0b5bc,clara@bramblewick.example,Clara Finch,active,$2b$10$BbZ2Ggh7GxV0K64sNsXDF.UCAcsM2JOIqIA/ArEg2p9XWRd27Utae,en,2026-01-10T10:00:00Z,2026-09-28T17:00:00Z
1b85a322-b5b3-5d00-a0cc-ce54f71959e4,diego@bramblewick.example,Diego Sol,active,$2b$10$BbZ2Ggh7GxV0K64sNsXDF.UCAcsM2JOIqIA/ArEg2p9XWRd27Utae,en,2026-01-10T10:00:00Z,2026-09-28T17:00:00Z
d9368147-25a8-56eb-afce-fa7f16fe1061,elsie@bramblewick.example,Elsie Thorne,active,$2b$10$BbZ2Ggh7GxV0K64sNsXDF.UCAcsM2JOIqIA/ArEg2p9XWRd27Utae,en,2026-01-10T10:00:00Z,2026-09-28T17:00:00Z
82314207-dc56-511a-9f24-ec2516cebd1e,farah@bramblewick.example,Farah Bell,active,$2b$10$BbZ2Ggh7GxV0K64sNsXDF.UCAcsM2JOIqIA/ArEg2p9XWRd27Utae,en,2026-01-10T10:00:00Z,2026-09-28T17:00:00Z
80808a13-7076-5c6b-850d-cf53da5267f8,gus@bramblewick.example,Gus Cooper,active,$2b$10$BbZ2Ggh7GxV0K64sNsXDF.UCAcsM2JOIqIA/ArEg2p9XWRd27Utae,en,2026-01-10T10:00:00Z,2026-09-28T17:00:00Z
76c42d36-ec39-5c99-919e-f8730ed5bb9e,hana@bramblewick.example,Hana Brooks,active,$2b$10$BbZ2Ggh7GxV0K64sNsXDF.UCAcsM2JOIqIA/ArEg2p9XWRd27Utae,en,2026-01-10T10:00:00Z,2026-09-28T17:00:00Z
80587df2-0489-5db4-9667-9dfabebcbedc,ivo@bramblewick.example,Ivo Green,active,$2b$10$BbZ2Ggh7GxV0K64sNsXDF.UCAcsM2JOIqIA/ArEg2p9XWRd27Utae,en,2026-01-10T10:00:00Z,2026-09-28T17:00:00Z
1b9f2587-3d31-5aa7-b70f-208c6ecb629d,jules@bramblewick.example,Jules Hart,active,$2b$10$BbZ2Ggh7GxV0K64sNsXDF.UCAcsM2JOIqIA/ArEg2p9XWRd27Utae,en,2026-01-10T10:00:00Z,2026-09-28T17:00:00Z
4743b154-d863-505b-8fb9-16a8bbe674cf,kofi@bramblewick.example,Kofi Lane,active,$2b$10$BbZ2Ggh7GxV0K64sNsXDF.UCAcsM2JOIqIA/ArEg2p9XWRd27Utae,en,2026-01-10T10:00:00Z,2026-09-28T17:00:00Z
61c53aa1-3bd1-59fb-a582-d3fdf35d61b7,lena@bramblewick.example,Lena Birch,active,$2b$10$BbZ2Ggh7GxV0K64sNsXDF.UCAcsM2JOIqIA/ArEg2p9XWRd27Utae,en,2026-01-10T10:00:00Z,2026-09-28T17:00:00Z
84650f78-b028-5e89-b785-352549a84af4,mateo@bramblewick.example,Mateo Fox,active,$2b$10$BbZ2Ggh7GxV0K64sNsXDF.UCAcsM2JOIqIA/ArEg2p9XWRd27Utae,en,2026-01-10T10:00:00Z,2026-09-28T17:00:00Z
13b4dbfe-5ca4-5061-aeec-5324a9e2aaba,nora@bramblewick.example,Nora Vale,active,$2b$10$BbZ2Ggh7GxV0K64sNsXDF.UCAcsM2JOIqIA/ArEg2p9XWRd27Utae,en,2026-01-10T10:00:00Z,2026-09-28T17:00:00Z
946bee9e-b20b-5997-a342-baa06905449e,omar@bramblewick.example,Omar Field,active,$2b$10$BbZ2Ggh7GxV0K64sNsXDF.UCAcsM2JOIqIA/ArEg2p9XWRd27Utae,en,2026-01-10T10:00:00Z,2026-09-28T17:00:00Z
69d43ee9-db3d-56dd-86d1-961dca19446b,pippa@bramblewick.example,Pippa Stone,active,$2b$10$BbZ2Ggh7GxV0K64sNsXDF.UCAcsM2JOIqIA/ArEg2p9XWRd27Utae,en,2026-01-10T10:00:00Z,2026-09-28T17:00:00Z
988d703c-ec14-5c47-886f-fea8cad4a74c,quinn@bramblewick.example,Quinn Lake,active,$2b$10$BbZ2Ggh7GxV0K64sNsXDF.UCAcsM2JOIqIA/ArEg2p9XWRd27Utae,en,2026-01-10T10:00:00Z,2026-09-28T17:00:00Z
645b89ad-66ec-5558-be9f-223b1d56c5b2,rosa@bramblewick.example,Rosa Hill,active,$2b$10$BbZ2Ggh7GxV0K64sNsXDF.UCAcsM2JOIqIA/ArEg2p9XWRd27Utae,en,2026-01-10T10:00:00Z,2026-09-28T17:00:00Z
8412ac1d-976b-5cbf-a0f7-66f431f3e9ff,sam@bramblewick.example,Sam Oak,active,$2b$10$BbZ2Ggh7GxV0K64sNsXDF.UCAcsM2JOIqIA/ArEg2p9XWRd27Utae,en,2026-01-10T10:00:00Z,2026-09-28T17:00:00Z
b24dd453-645b-53aa-a4bf-a4777ba09410,tessa@bramblewick.example,Tessa Moon,active,$2b$10$BbZ2Ggh7GxV0K64sNsXDF.UCAcsM2JOIqIA/ArEg2p9XWRd27Utae,en,2026-01-10T10:00:00Z,2026-09-28T17:00:00Z
9d595cb1-9bf9-57a8-ba26-8b1d9236595e,umar@bramblewick.example,Umar Brook,active,$2b$10$BbZ2Ggh7GxV0K64sNsXDF.UCAcsM2JOIqIA/ArEg2p9XWRd27Utae,en,2026-01-10T10:00:00Z,2026-09-28T17:00:00Z
82840a9a-8087-5f8d-a59a-43bf4df9fb17,vera@bramblewick.example,Vera Clay,active,$2b$10$BbZ2Ggh7GxV0K64sNsXDF.UCAcsM2JOIqIA/ArEg2p9XWRd27Utae,en,2026-01-10T10:00:00Z,2026-09-28T17:00:00Z
6dffa0b6-ee18-54e3-822b-30ae0b0656ff,will@bramblewick.example,Will Ash,active,$2b$10$BbZ2Ggh7GxV0K64sNsXDF.UCAcsM2JOIqIA/ArEg2p9XWRd27Utae,en,2026-01-10T10:00:00Z,2026-09-28T17:00:00Z
bce76699-b5d0-54c9-b5a6-c6f7725e3fcd,xenia@bramblewick.example,Xenia Park,active,$2b$10$BbZ2Ggh7GxV0K64sNsXDF.UCAcsM2JOIqIA/ArEg2p9XWRd27Utae,en,2026-01-10T10:00:00Z,2026-09-28T17:00:00Z
b6e5cd77-cd5c-5e5a-9e7f-66ceca95e5bc,yasmin@bramblewick.example,Yasmin Dale,active,$2b$10$BbZ2Ggh7GxV0K64sNsXDF.UCAcsM2JOIqIA/ArEg2p9XWRd27Utae,en,2026-01-10T10:00:00Z,2026-09-28T17:00:00Z
1d7e74d6-88f4-57a6-861b-35461eda7f39,zach@bramblewick.example,Zach Wren,active,$2b$10$BbZ2Ggh7GxV0K64sNsXDF.UCAcsM2JOIqIA/ArEg2p9XWRd27Utae,en,2026-01-10T10:00:00Z,2026-09-28T17:00:00Z
7d66eac2-192e-5c18-8084-b63c2da7a0a7,ada@bramblewick.example,Ada Fern,active,$2b$10$BbZ2Ggh7GxV0K64sNsXDF.UCAcsM2JOIqIA/ArEg2p9XWRd27Utae,en,2026-01-10T10:00:00Z,2026-09-28T17:00:00Z
0f0073a8-c59c-5f5e-97f0-e91f9c218357,bramblewick@bramblewick.example,Robin Hall,active,$2b$10$BbZ2Ggh7GxV0K64sNsXDF.UCAcsM2JOIqIA/ArEg2p9XWRd27Utae,en,2026-01-10T10:00:00Z,2026-09-28T17:00:00Z
